2021;1;1;1;0;-9
2021;1;1;4;0;-5
2021;1;1;7;0;-4
2021;1;1;10;0;-5
2021;1;1;13;0;-4
2021;1;1;16;0;-8
2021;1;1;19;0;-7
2021;1;1;22;0;-7
2021;1;2;1;0;-9
2021;1;2;4;0;-11
2021;1;2;7;0;-11
2021;1;2;10;0;-11
2021;1;2;13;0;-10
2021;1;2;16;0;-10
2021;1;2;19;0;-10
2021;1;2;22;0;-10
2021;1;3;1;0;-9
2021;1;3;4;0;-9
2021;1;3;7;0;-8
2021;1;3;10;0;-7
2021;1;3;13;0;-5
2021;1;3;16;0;-5
2021;1;3;19;0;-4
2021;1;3;22;0;-4
2021;1;4;1;0;-3
2021;1;4;4;0;-2
2021;1;4;7;0;-2
2021;1;4;10;0;-2
2021;1;4;13;0;-1
2021;1;4;16;0;-1
2021;1;4;19;0;-2
2021;1;4;22;0;-2
2021;1;5;1;0;-2
2021;1;5;4;0;-2
2021;1;5;7;0;-3
2021;1;5;10;0;-3
2021;1;5;13;0;-3
2021;1;5;16;0;-4
2021;1;5;19;0;-5
2021;1;5;22;0;-8
2021;1;6;1;0;-11
2021;1;6;4;0;-12
2021;1;6;7;0;-13
2021;1;6;10;0;-12
2021;1;6;13;0;-10
2021;1;6;16;0;-9
2021;1;6;19;0;-11
2021;1;6;22;0;-13
2021;1;7;1;0;-13
2021;1;7;4;0;-13
2021;1;7;7;0;-11
2021;1;7;10;0;-13
2021;1;7;13;0;-11
2021;1;7;16;0;-11
2021;1;7;19;0;-11
2021;1;7;22;0;-10
2021;1;8;1;0;-9
2021;1;8;4;0;-9
2021;1;8;7;0;-8
2021;1;8;10;0;-6
2021;1;8;13;0;-5
2021;1;8;16;0;-6
2021;1;8;19;0;-6
2021;1;8;22;0;-7
2021;1;9;1;0;-6
2021;1;9;4;0;-6
2021;1;9;7;0;-4
2021;1;9;10;0;-3
2021;1;9;13;0;-2
2021;1;9;16;0;-1
2021;1;9;19;0;-2
2021;1;9;22;0;-2
2021;1;10;1;0;-3
2021;1;10;4;0;-4
2021;1;10;7;0;-4
2021;1;10;10;0;-4
2021;1;10;13;0;-2
2021;1;10;16;0;-5
2021;1;10;19;0;-6
2021;1;10;22;0;-7
2021;1;11;1;0;-7
2021;1;11;4;0;-9
2021;1;11;7;0;-12
2021;1;11;10;0;-16
2021;1;11;13;0;-15
2021;1;11;16;0;-17
2021;1;11;19;0;-19
2021;1;11;22;0;-21
2021;1;12;1;0;-23
2021;1;12;4;0;-25
2021;1;12;7;0;-26
2021;1;12;10;0;-20
2021;1;12;13;0;-17
2021;1;12;16;0;-15
2021;1;12;19;0;-21
2021;1;12;22;0;-22
2021;1;13;1;0;-26
2021;1;13;4;0;-28
2021;1;13;7;0;-28
2021;1;13;10;0;-29
2021;1;13;13;0;-26
2021;1;13;16;0;-26
2021;1;13;19;0;-26
2021;1;13;22;0;-24
2021;1;14;1;0;-21
2021;1;14;4;0;-17
2021;1;14;7;0;-11
2021;1;14;10;0;-11
2021;1;14;13;0;-10
2021;1;14;16;0;-9
2021;1;14;19;0;-10
2021;1;14;22;0;-10
2021;1;15;1;0;-9
2021;1;15;4;0;-8
2021;1;15;7;0;-10
2021;1;15;10;0;-12
2021;1;15;13;0;-9
2021;1;15;16;0;-8
2021;1;15;19;0;-8
2021;1;15;22;0;-6
2021;1;16;1;0;-6
2021;1;16;4;0;-7
2021;1;16;7;0;-7
2021;1;16;10;0;-6
2021;1;16;13;0;-7
2021;1;16;16;0;-7
2021;1;16;19;0;-7
2021;1;16;22;0;-5
2021;1;17;1;0;-6
2021;1;17;4;0;-9
2021;1;17;7;0;-13
2021;1;17;10;0;-15
2021;1;17;13;0;-13
2021;1;17;16;0;-13
2021;1;17;19;0;-16
2021;1;17;22;0;-18
2021;1;18;1;0;-20
2021;1;18;4;0;-23
2021;1;18;7;0;-25
2021;1;18;10;0;-24
2021;1;18;13;0;-21
2021;1;18;16;0;-21
2021;1;18;19;0;-21
2021;1;18;22;0;-20
2021;1;19;1;0;-19
2021;1;19;4;0;-19
2021;1;19;7;0;-19
2021;1;19;10;0;-19
2021;1;19;13;0;-18
2021;1;19;16;0;-17
2021;1;19;19;0;-21
2021;1;19;22;0;-21
2021;1;20;1;0;-20
2021;1;20;4;0;-20
2021;1;20;7;0;-22
2021;1;20;10;0;-22
2021;1;20;13;0;-18
2021;1;20;16;0;-18
2021;1;20;19;0;-20
2021;1;20;22;0;-20
2021;1;21;1;0;-20
2021;1;21;4;0;-19
2021;1;21;7;0;-18
2021;1;21;10;0;-17
2021;1;21;13;0;-14
2021;1;21;16;0;-12
2021;1;21;19;0;-11
2021;1;21;22;0;-10
2021;1;22;1;0;-10
2021;1;22;4;0;-10
2021;1;22;7;0;-12
2021;1;22;10;0;-12
2021;1;22;13;0;-9
2021;1;22;16;0;-11
2021;1;22;19;0;-16
2021;1;22;22;0;-17
2021;1;23;1;0;-14
2021;1;23;4;0;-10
2021;1;23;7;0;-10
2021;1;23;10;0;-9
2021;1;23;13;0;-7
2021;1;23;16;0;-7
2021;1;23;19;0;-6
2021;1;23;22;0;-4
2021;1;24;1;0;-1
2021;1;24;4;0;0
2021;1;24;7;0;1
2021;1;24;10;0;1
2021;1;24;13;0;2
2021;1;24;16;0;2
2021;1;24;19;0;2
2021;1;24;22;0;1
2021;1;25;1;0;1
2021;1;25;4;0;-1
2021;1;25;7;0;-2
2021;1;25;10;0;-2
2021;1;25;13;0;-2
2021;1;25;16;0;-1
2021;1;25;19;0;-2
2021;1;25;22;0;-2
2021;1;26;1;0;-2
2021;1;26;4;0;-2
2021;1;26;7;0;-2
2021;1;26;10;0;-3
2021;1;26;13;0;-3
2021;1;26;16;0;-4
2021;1;26;19;0;-7
2021;1;26;22;0;-7
2021;1;27;1;0;-6
2021;1;27;4;0;-5
2021;1;27;7;0;-5
2021;1;27;10;0;-6
2021;1;27;13;0;-5
2021;1;27;16;0;-6
2021;1;27;19;0;-6
2021;1;27;22;0;-6
2021;1;28;1;0;-5
2021;1;28;4;0;-7
2021;1;28;7;0;-8
2021;1;28;10;0;-7
2021;1;28;13;0;-5
2021;1;28;16;0;-5
2021;1;28;19;0;-6
2021;1;28;22;0;-5
2021;1;29;1;0;-5
2021;1;29;4;0;-4
2021;1;29;7;0;-4
2021;1;29;10;0;-4
2021;1;29;13;0;-2
2021;1;29;16;0;-3
2021;1;29;19;0;-3
2021;1;29;22;0;-3
2021;1;30;1;0;-4
2021;1;30;4;0;-5
2021;1;30;7;0;-5
2021;1;30;10;0;-4
2021;1;30;13;0;-1
2021;1;30;16;0;-1
2021;1;30;19;0;-1
2021;1;30;22;0;0
2021;1;31;1;0;0
2021;1;31;4;0;-1
2021;1;31;7;0;-1
2021;1;31;10;0;-2
2021;1;31;13;0;-2
2021;1;31;16;0;-1
2021;1;31;19;0;-1
2021;1;31;22;0;-1
2021;2;1;1;0;-2
2021;2;1;4;0;1
2021;2;1;7;0;-2
2021;2;1;10;0;-2
2021;2;1;13;0;-1
2021;2;1;16;0;-2
2021;2;1;19;0;-4
2021;2;1;22;0;-4
2021;2;2;1;0;-4
2021;2;2;4;0;-1
2021;2;2;7;0;2
2021;2;2;10;0;1
2021;2;2;13;0;1
2021;2;2;16;0;-2
2021;2;2;19;0;-4
2021;2;2;22;0;-6
2021;2;3;1;0;-7
2021;2;3;4;0;-11
2021;2;3;7;0;-13
2021;2;3;10;0;-13
2021;2;3;13;0;-10
2021;2;3;16;0;-7
2021;2;3;19;0;-8
2021;2;3;22;0;-7
2021;2;4;1;0;-6
2021;2;4;4;0;-3
2021;2;4;7;0;-2
2021;2;4;10;0;-1
2021;2;4;13;0;2
2021;2;4;16;0;2
2021;2;4;19;0;1
2021;2;4;22;0;1
2021;2;5;1;0;1
2021;2;5;4;0;1
2021;2;5;7;0;3
2021;2;5;10;0;3
2021;2;5;13;0;3
2021;2;5;16;0;2
2021;2;5;19;0;2
2021;2;5;22;0;2
2021;2;6;1;0;-4
2021;2;6;4;0;-7
2021;2;6;7;0;-10
2021;2;6;10;0;-11
2021;2;6;13;0;-10
2021;2;6;16;0;-11
2021;2;6;19;0;-13
2021;2;6;22;0;-15
2021;2;7;1;0;-16
2021;2;7;4;0;-18
2021;2;7;7;0;-18
2021;2;7;10;0;-19
2021;2;7;13;0;-17
2021;2;7;16;0;-17
2021;2;7;19;0;-18
2021;2;7;22;0;-19
2021;2;8;1;0;-19
2021;2;8;4;0;-19
2021;2;8;7;0;-20
2021;2;8;10;0;-20
2021;2;8;13;0;-19
2021;2;8;16;0;-19
2021;2;8;19;0;-21
2021;2;8;22;0;-21
2021;2;9;1;0;-22
2021;2;9;4;0;-22
2021;2;9;7;0;-23
2021;2;9;10;0;-20
2021;2;9;13;0;-16
2021;2;9;16;0;-16
2021;2;9;19;0;-16
2021;2;9;22;0;-16
2021;2;10;1;0;-15
2021;2;10;4;0;-15
2021;2;10;7;0;-15
2021;2;10;10;0;-16
2021;2;10;13;0;-14
2021;2;10;16;0;-14
2021;2;10;19;0;-14
2021;2;10;22;0;-14
2021;2;11;1;0;-15
2021;2;11;4;0;-14
2021;2;11;7;0;-14
2021;2;11;10;0;-12
2021;2;11;13;0;-9
2021;2;11;16;0;-8
2021;2;11;19;0;-9
2021;2;11;22;0;-10
2021;2;12;1;0;-9
2021;2;12;4;0;-9
2021;2;12;7;0;-9
2021;2;12;10;0;-8
2021;2;12;13;0;-5
2021;2;12;16;0;-3
2021;2;12;19;0;-4
2021;2;12;22;0;-4
2021;2;13;1;0;-1
2021;2;13;4;0;1
2021;2;13;7;0;2
2021;2;13;10;0;0
2021;2;13;13;0;1
2021;2;13;16;0;-1
2021;2;13;19;0;0
2021;2;13;22;0;-4
2021;2;14;1;0;-9
2021;2;14;4;0;-11
2021;2;14;7;0;-11
2021;2;14;10;0;-11
2021;2;14;13;0;-10
2021;2;14;16;0;-10
2021;2;14;19;0;-12
2021;2;14;22;0;-15
2021;2;15;1;0;-17
2021;2;15;4;0;-18
2021;2;15;7;0;-20
2021;2;15;10;0;-19
2021;2;15;13;0;-14
2021;2;15;16;0;-17
2021;2;15;19;0;-19
2021;2;15;22;0;-21
2021;2;16;1;0;-22
2021;2;16;4;0;-18
2021;2;16;7;0;-15
2021;2;16;10;0;-17
2021;2;16;13;0;-20
2021;2;16;16;0;-20
2021;2;16;19;0;-23
2021;2;16;22;0;-16
2021;2;17;1;0;-25
2021;2;17;4;0;-28
2021;2;17;7;0;-28
2021;2;17;10;0;-25
2021;2;17;13;0;-19
2021;2;17;16;0;-16
2021;2;17;19;0;-21
2021;2;17;22;0;-25
2021;2;18;1;0;-23
2021;2;18;4;0;-19
2021;2;18;7;0;-20
2021;2;18;10;0;-19
2021;2;18;13;0;-15
2021;2;18;16;0;-15
2021;2;18;19;0;-16
2021;2;18;22;0;-18
2021;2;19;1;0;-20
2021;2;19;4;0;-21
2021;2;19;7;0;-22
2021;2;19;10;0;-19
2021;2;19;13;0;-15
2021;2;19;16;0;-15
2021;2;19;19;0;-20
2021;2;19;22;0;-21
2021;2;20;1;0;-25
2021;2;20;4;0;-25
2021;2;20;7;0;-25
2021;2;20;10;0;-19
2021;2;20;13;0;-16
2021;2;20;16;0;-15
2021;2;20;19;0;-17
2021;2;20;22;0;-18
2021;2;21;1;0;-19
2021;2;21;4;0;-18
2021;2;21;7;0;-19
2021;2;21;10;0;-19
2021;2;21;13;0;-17
2021;2;21;16;0;-18
2021;2;21;19;0;-21
2021;2;21;22;0;-23
2021;2;22;1;0;-26
2021;2;22;4;0;-29
2021;2;22;7;0;-30
2021;2;22;10;0;-29
2021;2;22;13;0;-26
2021;2;22;16;0;-24
2021;2;22;19;0;-25
2021;2;22;22;0;-25
2021;2;23;1;0;-26
2021;2;23;4;0;-26
2021;2;23;7;0;-27
2021;2;23;10;0;-25
2021;2;23;13;0;-21
2021;2;23;16;0;-20
2021;2;23;19;0;-21
2021;2;23;22;0;-22
2021;2;24;1;0;-26
2021;2;24;4;0;-27
2021;2;24;7;0;-25
2021;2;24;10;0;-21
2021;2;24;13;0;-19
2021;2;24;16;0;-17
2021;2;24;19;0;-16
2021;2;24;22;0;-15
2021;2;25;1;0;-14
2021;2;25;4;0;-14
2021;2;25;7;0;-13
2021;2;25;10;0;-11
2021;2;25;13;0;-9
2021;2;25;16;0;-10
2021;2;25;19;0;-11
2021;2;25;22;0;-11
2021;2;26;1;0;-7
2021;2;26;4;0;-5
2021;2;26;7;0;-4
2021;2;26;10;0;1
2021;2;26;13;0;2
2021;2;26;16;0;3
2021;2;26;19;0;-8
2021;2;26;22;0;-11
2021;2;27;1;0;-12
2021;2;27;4;0;-15
2021;2;27;7;0;-16
2021;2;27;10;0;-15
2021;2;27;13;0;-12
2021;2;27;16;0;-12
2021;2;27;19;0;-11
2021;2;27;22;0;-11
2021;3;1;1;0;-13
2021;3;1;4;0;-15
2021;3;1;7;0;-18
2021;3;1;10;0;-14
2021;3;1;13;0;-11
2021;3;1;16;0;-9
2021;3;1;19;0;-13
2021;3;1;22;0;-13
2021;3;2;1;0;-13
2021;3;2;4;0;-12
2021;3;2;7;0;-11
2021;3;2;10;0;-7
2021;3;2;13;0;-4
2021;3;2;16;0;-2
2021;3;2;19;0;-1
2021;3;2;22;0;-2
2021;3;3;1;0;-4
2021;3;3;4;0;-3
2021;3;3;7;0;-3
2021;3;3;10;0;-1
2021;3;3;13;0;1
2021;3;3;16;0;0
2021;3;3;19;0;-2
2021;3;3;22;0;-3
2021;3;4;1;0;-4
2021;3;4;4;0;-6
2021;3;4;7;0;-7
2021;3;4;10;0;-5
2021;3;4;13;0;-2
2021;3;4;16;0;0
2021;3;4;19;0;1
2021;3;4;22;0;1
2021;3;5;1;0;0
2021;3;5;4;0;0
2021;3;5;7;0;0
2021;3;5;10;0;-2
2021;3;5;13;0;-1
2021;3;5;16;0;-1
2021;3;5;19;0;-6
2021;3;5;22;0;-10
2021;3;6;1;0;-11
2021;3;6;4;0;-8
2021;3;6;7;0;-10
2021;3;6;10;0;-6
2021;3;6;13;0;-5
2021;3;6;16;0;-4
2021;3;6;19;0;-7
2021;3;6;22;0;-13
2021;3;7;1;0;-11
2021;3;7;4;0;-13
2021;3;7;7;0;-12
2021;3;7;10;0;-8
2021;3;7;13;0;-5
2021;3;7;16;0;-5
2021;3;7;19;0;-7
2021;3;7;22;0;-6
2021;3;8;1;0;-5
2021;3;8;4;0;-4
2021;3;8;7;0;-2
2021;3;8;10;0;-1
2021;3;8;13;0;0
2021;3;8;16;0;0
2021;3;8;19;0;-3
2021;3;8;22;0;-4
2021;3;9;1;0;-6
2021;3;9;4;0;-9
2021;3;9;7;0;-13
2021;3;9;10;0;-5
2021;3;9;13;0;-3
2021;3;9;16;0;-4
2021;3;9;19;0;-8
2021;3;9;22;0;-9
2021;3;10;1;0;-11
2021;3;10;4;0;-12
2021;3;10;7;0;-14
2021;3;10;10;0;-12
2021;3;10;13;0;-12
2021;3;10;16;0;-13
2021;3;10;19;0;-16
2021;3;10;22;0;-16
2021;3;11;1;0;-19
2021;3;11;4;0;-20
2021;3;11;7;0;-22
2021;3;11;10;0;-17
2021;3;11;13;0;-12
2021;3;11;16;0;-9
2021;3;11;19;0;-11
2021;3;11;22;0;-17
2021;3;12;1;0;-16
2021;3;12;4;0;-16
2021;3;12;7;0;-17
2021;3;12;10;0;-10
2021;3;12;13;0;-4
2021;3;12;16;0;-3
2021;3;12;19;0;-7
2021;3;12;22;0;-10
2021;3;13;1;0;-12
2021;3;13;4;0;-13
2021;3;13;7;0;-15
2021;3;13;10;0;-13
2021;3;13;13;0;-9
2021;3;13;16;0;-7
2021;3;13;19;0;-9
2021;3;13;22;0;-11
2021;3;14;1;0;-12
2021;3;14;4;0;-11
2021;3;14;7;0;-10
2021;3;14;10;0;-7
2021;3;14;13;0;-5
2021;3;14;16;0;-4
2021;3;14;19;0;-5
2021;3;14;22;0;-7
2021;3;15;1;0;-7
2021;3;15;4;0;-7
2021;3;15;7;0;-7
2021;3;15;10;0;-5
2021;3;15;13;0;-3
2021;3;15;16;0;-3
2021;3;15;19;0;-5
2021;3;15;22;0;-7
2021;3;16;1;0;-8
2021;3;16;4;0;-9
2021;3;16;7;0;-9
2021;3;16;10;0;-6
2021;3;16;13;0;-4
2021;3;16;16;0;-1
2021;3;16;19;0;-3
2021;3;16;22;0;-5
2021;3;17;1;0;-6
2021;3;17;4;0;-8
2021;3;17;7;0;-8
2021;3;17;10;0;-4
2021;3;17;13;0;0
2021;3;17;16;0;1
2021;3;17;19;0;-2
2021;3;17;22;0;-3
2021;3;18;1;0;-4
2021;3;18;4;0;-4
2021;3;18;7;0;-4
2021;3;18;10;0;-2
2021;3;18;13;0;1
2021;3;18;16;0;1
2021;3;18;19;0;0
2021;3;18;22;0;-1
2021;3;19;1;0;-1
2021;3;19;4;0;-2
2021;3;19;7;0;-2
2021;3;19;10;0;-2
2021;3;19;13;0;-1
2021;3;19;16;0;-1
2021;3;19;19;0;-1
2021;3;19;22;0;-1
2021;3;20;1;0;-2
2021;3;20;4;0;-2
2021;3;20;7;0;-3
2021;3;20;10;0;-1
2021;3;20;13;0;-1
2021;3;20;16;0;0
2021;3;20;19;0;-1
2021;3;20;22;0;-2
2021;3;21;1;0;-2
2021;3;21;4;0;-3
2021;3;21;7;0;-4
2021;3;21;10;0;0
2021;3;21;13;0;0
2021;3;21;16;0;1
2021;3;21;19;0;-2
2021;3;21;22;0;-3
2021;3;22;1;0;-5
2021;3;22;4;0;-6
2021;3;22;7;0;-6
2021;3;22;10;0;-3
2021;3;22;13;0;1
2021;3;22;16;0;1
2021;3;22;19;0;0
2021;3;22;22;0;0
2021;3;23;1;0;0
2021;3;23;4;0;0
2021;3;23;7;0;0
2021;3;23;10;0;2
2021;3;23;13;0;3
2021;3;23;16;0;2
2021;3;23;19;0;1
2021;3;23;22;0;0
2021;3;24;1;0;0
2021;3;24;4;0;0
2021;3;24;7;0;-1
2021;3;24;10;0;0
2021;3;24;13;0;2
2021;3;24;16;0;2
2021;3;24;19;0;1
2021;3;24;22;0;-1
2021;3;25;1;0;-3
2021;3;25;4;0;-5
2021;3;25;7;0;-7
2021;3;25;10;0;0
2021;3;25;13;0;4
2021;3;25;16;0;4
2021;3;25;19;0;1
2021;3;25;22;0;-3
2021;3;26;1;0;-5
2021;3;26;4;0;-7
2021;3;26;7;0;-8
2021;3;26;10;0;2
2021;3;26;13;0;5
2021;3;26;16;0;6
2021;3;26;19;0;3
2021;3;26;22;0;-3
2021;3;27;1;0;-3
2021;3;27;4;0;-3
2021;3;27;7;0;-3
2021;3;27;10;0;1
2021;3;27;13;0;4
2021;3;27;16;0;4
2021;3;27;19;0;3
2021;3;27;22;0;3
2021;3;28;1;0;2
2021;3;28;4;0;0
2021;3;28;7;0;-1
2021;3;28;10;0;0
2021;3;28;13;0;2
2021;3;28;16;0;4
2021;3;28;19;0;2
2021;3;28;22;0;0
2021;3;29;1;0;-2
2021;3;29;4;0;-4
2021;3;29;7;0;-6
2021;3;29;10;0;1
2021;3;29;13;0;6
2021;3;29;16;0;6
2021;3;29;19;0;3
2021;3;29;22;0;-4
2021;3;30;1;0;-6
2021;3;30;4;0;-8
2021;3;30;7;0;-8
2021;3;30;10;0;3
2021;3;30;13;0;6
2021;3;30;16;0;8
2021;3;30;19;0;4
2021;3;30;22;0;-2
2021;3;31;1;0;0
2021;3;31;4;0;-1
2021;3;31;7;0;-3
2021;3;31;10;0;2
2021;3;31;13;0;4
2021;3;31;16;0;4
2021;3;31;19;0;4
2021;3;31;22;0;4
2021;4;1;1;0;3
2021;4;1;4;0;4
2021;4;1;7;0;3
2021;4;1;10;0;3
2021;4;1;13;0;4
2021;4;1;16;0;5
2021;4;1;19;0;5
2021;4;1;22;0;5
2021;4;2;1;0;5
2021;4;2;4;0;4
2021;4;2;7;0;4
2021;4;2;10;0;5
2021;4;2;13;0;8
2021;4;2;16;0;9
2021;4;2;19;0;7
2021;4;2;22;0;4
2021;4;3;1;0;-1
2021;4;3;4;0;-1
2021;4;3;7;0;-1
2021;4;3;10;0;6
2021;4;3;13;0;9
2021;4;3;16;0;10
2021;4;3;19;0;7
2021;4;3;22;0;5
2021;4;4;1;0;3
2021;4;4;4;0;2
2021;4;4;7;0;1
2021;4;4;10;0;1
2021;4;4;13;0;6
2021;4;4;16;0;6
2021;4;4;19;0;5
2021;4;4;22;0;0
2021;4;5;1;0;1
2021;4;5;4;0;1
2021;4;5;7;0;0
2021;4;5;10;0;4
2021;4;5;13;0;8
2021;4;5;16;0;9
2021;4;5;19;0;7
2021;4;5;22;0;5
2021;4;6;1;0;3
2021;4;6;4;0;1
2021;4;6;7;0;0
2021;4;6;10;0;4
2021;4;6;13;0;4
2021;4;6;16;0;3
2021;4;6;19;0;2
2021;4;6;22;0;2
2021;4;7;1;0;2
2021;4;7;4;0;2
2021;4;7;7;0;2
2021;4;7;10;0;4
2021;4;7;13;0;9
2021;4;7;16;0;7
2021;4;7;19;0;7
2021;4;7;22;0;6
2021;4;8;1;0;4
2021;4;8;4;0;4
2021;4;8;7;0;6
2021;4;8;10;0;9
2021;4;8;13;0;12
2021;4;8;16;0;14
2021;4;8;19;0;13
2021;4;8;22;0;11
2021;4;9;1;0;7
2021;4;9;4;0;3
2021;4;9;7;0;0
2021;4;9;10;0;1
2021;4;9;13;0;1
2021;4;9;16;0;1
2021;4;9;19;0;1
2021;4;9;22;0;1
2021;4;10;1;0;1
2021;4;10;4;0;1
2021;4;10;7;0;2
2021;4;10;10;0;4
2021;4;10;13;0;10
2021;4;10;16;0;9
2021;4;10;19;0;7
2021;4;10;22;0;6
2021;4;11;1;0;5
2021;4;11;4;0;4
2021;4;11;7;0;4
2021;4;11;10;0;6
2021;4;11;13;0;10
2021;4;11;16;0;9
2021;4;11;19;0;7
2021;4;11;22;0;6
2021;4;12;1;0;5
2021;4;12;4;0;4
2021;4;12;7;0;4
2021;4;12;10;0;9
2021;4;12;13;0;17
2021;4;12;16;0;21
2021;4;12;19;0;18
2021;4;12;22;0;11
2021;4;13;1;0;6
2021;4;13;4;0;2
2021;4;13;7;0;3
2021;4;13;10;0;15
2021;4;13;13;0;21
2021;4;13;16;0;23
2021;4;13;19;0;21
2021;4;13;22;0;13
2021;4;14;1;0;14
2021;4;14;4;0;13
2021;4;14;7;0;13
2021;4;14;10;0;18
2021;4;14;13;0;22
2021;4;14;16;0;23
2021;4;14;19;0;21
2021;4;14;22;0;15
2021;4;15;1;0;15
2021;4;15;4;0;12
2021;4;15;7;0;8
2021;4;15;10;0;19
2021;4;15;13;0;24
2021;4;15;16;0;25
2021;4;15;19;0;22
2021;4;15;22;0;13
2021;4;16;1;0;8
2021;4;16;4;0;4
2021;4;16;7;0;6
2021;4;16;10;0;17
2021;4;16;13;0;25
2021;4;16;16;0;25
2021;4;16;19;0;20
2021;4;16;22;0;14
2021;4;17;1;0;11
2021;4;17;4;0;7
2021;4;17;7;0;6
2021;4;17;10;0;13
2021;4;17;13;0;20
2021;4;17;16;0;22
2021;4;17;19;0;18
2021;4;17;22;0;12
2021;4;18;1;0;8
2021;4;18;4;0;5
2021;4;18;7;0;5
2021;4;18;10;0;14
2021;4;18;13;0;18
2021;4;18;16;0;19
2021;4;18;19;0;16
2021;4;18;22;0;9
2021;4;19;1;0;8
2021;4;19;4;0;4
2021;4;19;7;0;4
2021;4;19;10;0;7
2021;4;19;13;0;10
2021;4;19;16;0;12
2021;4;19;19;0;11
2021;4;19;22;0;7
2021;4;20;1;0;7
2021;4;20;4;0;6
2021;4;20;7;0;5
2021;4;20;10;0;7
2021;4;20;13;0;11
2021;4;20;16;0;13
2021;4;20;19;0;12
2021;4;20;22;0;10
2021;4;21;1;0;8
2021;4;21;4;0;7
2021;4;21;7;0;6
2021;4;21;10;0;7
2021;4;21;13;0;4
2021;4;21;16;0;3
2021;4;21;19;0;3
2021;4;21;22;0;4
2021;4;22;1;0;4
2021;4;22;4;0;5
2021;4;22;7;0;5
2021;4;22;10;0;7
2021;4;22;13;0;11
2021;4;22;16;0;15
2021;4;22;19;0;12
2021;4;22;22;0;9
2021;4;23;1;0;7
2021;4;23;4;0;3
2021;4;23;7;0;5
2021;4;23;10;0;10
2021;4;23;13;0;15
2021;4;23;16;0;18
2021;4;23;19;0;14
2021;4;23;22;0;11
2021;4;24;1;0;8
2021;4;24;4;0;6
2021;4;24;7;0;7
2021;4;24;10;0;9
2021;4;24;13;0;10
2021;4;24;16;0;11
2021;4;24;19;0;11
2021;4;24;22;0;10
2021;4;25;1;0;10
2021;4;25;4;0;5
2021;4;25;7;0;5
2021;4;25;10;0;6
2021;4;25;13;0;7
2021;4;25;16;0;10
2021;4;25;19;0;9
2021;4;25;22;0;5
2021;4;26;1;0;5
2021;4;26;4;0;4
2021;4;26;7;0;5
2021;4;26;10;0;10
2021;4;26;13;0;15
2021;4;26;16;0;15
2021;4;26;19;0;13
2021;4;26;22;0;6
2021;4;27;1;0;4
2021;4;27;4;0;4
2021;4;27;7;0;5
2021;4;27;10;0;10
2021;4;27;13;0;7
2021;4;27;16;0;8
2021;4;27;19;0;9
2021;4;27;22;0;6
2021;4;28;1;0;6
2021;4;28;4;0;5
2021;4;28;7;0;4
2021;4;28;10;0;9
2021;4;28;13;0;12
2021;4;28;16;0;12
2021;4;28;19;0;10
2021;4;28;22;0;5
2021;4;29;1;0;5
2021;4;29;4;0;3
2021;4;29;7;0;5
2021;4;29;10;0;10
2021;4;29;13;0;14
2021;4;29;16;0;14
2021;4;29;19;0;13
2021;4;29;22;0;9
2021;4;30;1;0;8
2021;4;30;4;0;8
2021;4;30;7;0;9
2021;4;30;10;0;14
2021;4;30;13;0;15
2021;4;30;16;0;17
2021;4;30;19;0;16
2021;4;30;22;0;14
2021;5;1;1;0;11
2021;5;1;4;0;12
2021;5;1;7;0;11
2021;5;1;10;0;11
2021;5;1;13;0;13
2021;5;1;16;0;17
2021;5;1;19;0;15
2021;5;1;22;0;12
2021;5;2;1;0;12
2021;5;2;4;0;8
2021;5;2;7;0;10
2021;5;2;10;0;14
2021;5;2;13;0;17
2021;5;2;16;0;17
2021;5;2;19;0;16
2021;5;2;22;0;11
2021;5;3;1;0;9
2021;5;3;4;0;10
2021;5;3;7;0;9
2021;5;3;10;0;18
2021;5;3;13;0;22
2021;5;3;16;0;25
2021;5;3;19;0;23
2021;5;3;22;0;21
2021;5;4;1;0;18
2021;5;4;4;0;18
2021;5;4;7;0;18
2021;5;4;10;0;22
2021;5;4;13;0;26
2021;5;4;16;0;22
2021;5;4;19;0;17
2021;5;4;22;0;11
2021;5;5;1;0;9
2021;5;5;4;0;8
2021;5;5;7;0;8
2021;5;5;10;0;10
2021;5;5;13;0;12
2021;5;5;16;0;12
2021;5;5;19;0;12
2021;5;5;22;0;10
2021;5;6;1;0;8
2021;5;6;4;0;7
2021;5;6;7;0;9
2021;5;6;10;0;15
2021;5;6;13;0;20
2021;5;6;16;0;21
2021;5;6;19;0;20
2021;5;6;22;0;15
2021;5;7;1;0;14
2021;5;7;4;0;12
2021;5;7;7;0;13
2021;5;7;10;0;18
2021;5;7;13;0;21
2021;5;7;16;0;22
2021;5;7;19;0;20
2021;5;7;22;0;17
2021;5;8;1;0;15
2021;5;8;4;0;12
2021;5;8;7;0;13
2021;5;8;10;0;18
2021;5;8;13;0;21
2021;5;8;16;0;23
2021;5;8;19;0;21
2021;5;8;22;0;16
2021;5;9;1;0;17
2021;5;9;4;0;13
2021;5;9;7;0;18
2021;5;9;10;0;23
2021;5;9;13;0;26
2021;5;9;16;0;25
2021;5;9;19;0;23
2021;5;9;22;0;18
2021;5;10;1;0;18
2021;5;10;4;0;17
2021;5;10;7;0;19
2021;5;10;10;0;24
2021;5;10;13;0;26
2021;5;10;16;0;27
2021;5;10;19;0;26
2021;5;10;22;0;20
2021;5;11;1;0;17
2021;5;11;4;0;15
2021;5;11;7;0;18
2021;5;11;10;0;22
2021;5;11;13;0;25
2021;5;11;16;0;25
2021;5;11;19;0;24
2021;5;11;22;0;17
2021;5;12;1;0;13
2021;5;12;4;0;11
2021;5;12;7;0;18
2021;5;12;10;0;24
2021;5;12;13;0;25
2021;5;12;16;0;24
2021;5;12;19;0;23
2021;5;12;22;0;21
2021;5;13;1;0;20
2021;5;13;4;0;18
2021;5;13;7;0;19
2021;5;13;10;0;16
2021;5;13;13;0;23
2021;5;13;16;0;26
2021;5;13;19;0;26
2021;5;13;22;0;23
2021;5;14;1;0;23
2021;5;14;4;0;21
2021;5;14;7;0;22
2021;5;14;10;0;26
2021;5;14;13;0;32
2021;5;14;16;0;32
2021;5;14;19;0;29
2021;5;14;22;0;23
2021;5;15;1;0;23
2021;5;15;4;0;21
2021;5;15;7;0;22
2021;5;15;10;0;27
2021;5;15;13;0;31
2021;5;15;16;0;33
2021;5;15;19;0;30
2021;5;15;22;0;25
2021;5;16;1;0;23
2021;5;16;4;0;20
2021;5;16;7;0;23
2021;5;16;10;0;29
2021;5;16;13;0;32
2021;5;16;16;0;32
2021;5;16;19;0;30
2021;5;16;22;0;22
2021;5;17;1;0;19
2021;5;17;4;0;21
2021;5;17;7;0;24
2021;5;17;10;0;29
2021;5;17;13;0;32
2021;5;17;16;0;33
2021;5;17;19;0;27
2021;5;17;22;0;19
2021;5;18;1;0;17
2021;5;18;4;0;14
2021;5;18;7;0;22
2021;5;18;10;0;31
2021;5;18;13;0;33
2021;5;18;16;0;34
2021;5;18;19;0;31
2021;5;18;22;0;24
2021;5;19;1;0;24
2021;5;19;4;0;20
2021;5;19;7;0;23
2021;5;19;10;0;28
2021;5;19;13;0;31
2021;5;19;16;0;32
2021;5;19;19;0;30
2021;5;19;22;0;27
2021;5;20;1;0;23
2021;5;20;4;0;20
2021;5;20;7;0;20
2021;5;20;10;0;21
2021;5;20;13;0;24
2021;5;20;16;0;19
2021;5;20;19;0;18
2021;5;20;22;0;15
2021;5;21;1;0;14
2021;5;21;4;0;15
2021;5;21;7;0;17
2021;5;21;10;0;21
2021;5;21;13;0;24
2021;5;21;16;0;26
2021;5;21;19;0;24
2021;5;21;22;0;22
2021;5;22;1;0;23
2021;5;22;4;0;21
2021;5;22;7;0;22
2021;5;22;10;0;26
2021;5;22;13;0;29
2021;5;22;16;0;28
2021;5;22;19;0;26
2021;5;22;22;0;20
2021;5;23;1;0;18
2021;5;23;4;0;16
2021;5;23;7;0;18
2021;5;23;10;0;26
2021;5;23;13;0;30
2021;5;23;16;0;33
2021;5;23;19;0;28
2021;5;23;22;0;21
2021;5;24;1;0;23
2021;5;24;4;0;16
2021;5;24;7;0;20
2021;5;24;10;0;21
2021;5;24;13;0;22
2021;5;24;16;0;26
2021;5;24;19;0;23
2021;5;24;22;0;21
2021;5;25;1;0;20
2021;5;25;4;0;18
2021;5;25;7;0;18
2021;5;25;10;0;21
2021;5;25;13;0;22
2021;5;25;16;0;19
2021;5;25;19;0;17
2021;5;25;22;0;14
2021;5;26;1;0;11
2021;5;26;4;0;9
2021;5;26;7;0;14
2021;5;26;10;0;20
2021;5;26;13;0;23
2021;5;26;16;0;23
2021;5;26;19;0;21
2021;5;26;22;0;15
2021;5;27;1;0;10
2021;5;27;4;0;8
2021;5;27;7;0;15
2021;5;27;10;0;21
2021;5;27;13;0;24
2021;5;27;16;0;25
2021;5;27;19;0;23
2021;5;27;22;0;17
2021;5;28;1;0;16
2021;5;28;4;0;10
2021;5;28;7;0;16
2021;5;28;10;0;24
2021;5;28;13;0;28
2021;5;28;16;0;28
2021;5;28;19;0;26
2021;5;28;22;0;22
2021;5;29;1;0;19
2021;5;29;4;0;15
2021;5;29;7;0;18
2021;5;29;10;0;21
2021;5;29;13;0;25
2021;5;29;16;0;25
2021;5;29;19;0;22
2021;5;29;22;0;19
2021;5;30;1;0;17
2021;5;30;4;0;17
2021;5;30;7;0;18
2021;5;30;10;0;23
2021;5;30;13;0;27
2021;5;30;16;0;27
2021;5;30;19;0;24
2021;5;30;22;0;17
2021;5;31;1;0;15
2021;5;31;4;0;12
2021;5;31;7;0;12
2021;5;31;10;0;13
2021;5;31;13;0;15
2021;5;31;16;0;18
2021;5;31;19;0;16
2021;5;31;22;0;14
2021;6;1;1;0;13
2021;6;1;4;0;12
2021;6;1;7;0;14
2021;6;1;10;0;16
2021;6;1;13;0;21
2021;6;1;16;0;21
2021;6;1;19;0;20
2021;6;1;22;0;17
2021;6;2;1;0;15
2021;6;2;4;0;13
2021;6;2;7;0;16
2021;6;2;10;0;19
2021;6;2;13;0;21
2021;6;2;16;0;20
2021;6;2;19;0;18
2021;6;2;22;0;16
2021;6;3;1;0;13
2021;6;3;4;0;11
2021;6;3;7;0;14
2021;6;3;10;0;19
2021;6;3;13;0;20
2021;6;3;16;0;21
2021;6;3;19;0;21
2021;6;3;22;0;18
2021;6;4;1;0;16
2021;6;4;4;0;14
2021;6;4;7;0;14
2021;6;4;10;0;16
2021;6;4;13;0;14
2021;6;4;16;0;14
2021;6;4;19;0;14
2021;6;4;22;0;13
2021;6;5;1;0;13
2021;6;5;4;0;13
2021;6;5;7;0;14
2021;6;5;10;0;18
2021;6;5;13;0;21
2021;6;5;16;0;23
2021;6;5;19;0;22
2021;6;5;22;0;18
2021;6;6;1;0;15
2021;6;6;4;0;12
2021;6;6;7;0;15
2021;6;6;10;0;19
2021;6;6;13;0;24
2021;6;6;16;0;25
2021;6;6;19;0;18
2021;6;6;22;0;17
2021;6;7;1;0;14
2021;6;7;4;0;12
2021;6;7;7;0;17
2021;6;7;10;0;24
2021;6;7;13;0;26
2021;6;7;16;0;26
2021;6;7;19;0;24
2021;6;7;22;0;17
2021;6;8;1;0;16
2021;6;8;4;0;14
2021;6;8;7;0;21
2021;6;8;10;0;27
2021;6;8;13;0;19
2021;6;8;16;0;28
2021;6;8;19;0;26
2021;6;8;22;0;18
2021;6;9;1;0;15
2021;6;9;4;0;14
2021;6;9;7;0;20
2021;6;9;10;0;26
2021;6;9;13;0;28
2021;6;9;16;0;28
2021;6;9;19;0;27
2021;6;9;22;0;20
2021;6;10;1;0;18
2021;6;10;4;0;16
2021;6;10;7;0;19
2021;6;10;10;0;22
2021;6;10;13;0;25
2021;6;10;16;0;26
2021;6;10;19;0;23
2021;6;10;22;0;20
2021;6;11;1;0;15
2021;6;11;4;0;14
2021;6;11;7;0;17
2021;6;11;10;0;22
2021;6;11;13;0;25
2021;6;11;16;0;24
2021;6;11;19;0;18
2021;6;11;22;0;18
2021;6;12;1;0;18
2021;6;12;4;0;16
2021;6;12;7;0;17
2021;6;12;10;0;21
2021;6;12;13;0;22
2021;6;12;16;0;21
2021;6;12;19;0;23
2021;6;12;22;0;17
2021;6;13;1;0;18
2021;6;13;4;0;15
2021;6;13;7;0;21
2021;6;13;10;0;25
2021;6;13;13;0;25
2021;6;13;16;0;26
2021;6;13;19;0;23
2021;6;13;22;0;18
2021;6;14;1;0;18
2021;6;14;4;0;16
2021;6;14;7;0;21
2021;6;14;10;0;26
2021;6;14;13;0;28
2021;6;14;16;0;27
2021;6;14;19;0;26
2021;6;14;22;0;18
2021;6;15;1;0;19
2021;6;15;4;0;19
2021;6;15;7;0;19
2021;6;15;10;0;23
2021;6;15;13;0;28
2021;6;15;16;0;30
2021;6;15;19;0;29
2021;6;15;22;0;24
2021;6;16;1;0;23
2021;6;16;4;0;21
2021;6;16;7;0;23
2021;6;16;10;0;27
2021;6;16;13;0;29
2021;6;16;16;0;29
2021;6;16;19;0;27
2021;6;16;22;0;24
2021;6;17;1;0;21
2021;6;17;4;0;18
2021;6;17;7;0;19
2021;6;17;10;0;21
2021;6;17;13;0;25
2021;6;17;16;0;25
2021;6;17;19;0;24
2021;6;17;22;0;19
2021;6;18;1;0;16
2021;6;18;4;0;14
2021;6;18;7;0;18
2021;6;18;10;0;20
2021;6;18;13;0;22
2021;6;18;16;0;23
2021;6;18;19;0;21
2021;6;18;22;0;15
2021;6;19;1;0;11
2021;6;19;4;0;9
2021;6;19;7;0;19
2021;6;19;10;0;23
2021;6;19;13;0;26
2021;6;19;16;0;27
2021;6;19;19;0;28
2021;6;19;22;0;19
2021;6;20;1;0;17
2021;6;20;4;0;16
2021;6;20;7;0;23
2021;6;20;10;0;27
2021;6;20;13;0;31
2021;6;20;16;0;32
2021;6;20;19;0;30
2021;6;20;22;0;23
2021;6;21;1;0;19
2021;6;21;4;0;19
2021;6;21;7;0;26
2021;6;21;10;0;30
2021;6;21;13;0;32
2021;6;21;16;0;33
2021;6;21;19;0;32
2021;6;21;22;0;24
2021;6;22;1;0;21
2021;6;22;4;0;19
2021;6;22;7;0;26
2021;6;22;10;0;32
2021;6;22;13;0;34
2021;6;22;16;0;35
2021;6;22;19;0;33
2021;6;22;22;0;25
2021;6;23;1;0;22
2021;6;23;4;0;20
2021;6;23;7;0;26
2021;6;23;10;0;31
2021;6;23;13;0;34
2021;6;23;16;0;35
2021;6;23;19;0;31
2021;6;23;22;0;25
2021;6;24;1;0;21
2021;6;24;4;0;20
2021;6;24;7;0;26
2021;6;24;10;0;30
2021;6;24;13;0;34
2021;6;24;16;0;27
2021;6;24;19;0;25
2021;6;24;22;0;22
2021;6;25;1;0;20
2021;6;25;4;0;19
2021;6;25;7;0;25
2021;6;25;10;0;31
2021;6;25;13;0;33
2021;6;25;16;0;36
2021;6;25;19;0;35
2021;6;25;22;0;26
2021;6;26;1;0;25
2021;6;26;4;0;21
2021;6;26;7;0;27
2021;6;26;10;0;33
2021;6;26;13;0;36
2021;6;26;16;0;36
2021;6;26;19;0;29
2021;6;26;22;0;27
2021;6;27;1;0;23
2021;6;27;4;0;20
2021;6;27;7;0;25
2021;6;27;10;0;30
2021;6;27;13;0;33
2021;6;27;16;0;34
2021;6;27;19;0;31
2021;6;27;22;0;27
2021;6;28;1;0;22
2021;6;28;4;0;22
2021;6;28;7;0;27
2021;6;28;10;0;33
2021;6;28;13;0;35
2021;6;28;16;0;36
2021;6;28;19;0;34
2021;6;28;22;0;30
2021;6;29;1;0;29
2021;6;29;4;0;30
2021;6;29;7;0;28
2021;6;29;10;0;31
2021;6;29;13;0;33
2021;6;29;16;0;34
2021;6;29;19;0;36
2021;6;29;22;0;31
2021;6;30;1;0;24
2021;6;30;4;0;22
2021;6;30;7;0;23
2021;6;30;10;0;27
2021;6;30;13;0;31
2021;6;30;16;0;29
2021;6;30;19;0;22
2021;6;30;22;0;20
2021;7;1;1;0;19
2021;7;1;4;0;21
2021;7;1;7;0;23
2021;7;1;10;0;25
2021;7;1;13;0;27
2021;7;1;16;0;28
2021;7;1;19;0;26
2021;7;1;22;0;20
2021;7;2;1;0;19
2021;7;2;4;0;19
2021;7;2;7;0;20
2021;7;2;10;0;23
2021;7;2;13;0;26
2021;7;2;16;0;28
2021;7;2;19;0;25
2021;7;2;22;0;20
2021;7;3;1;0;18
2021;7;3;4;0;18
2021;7;3;7;0;23
2021;7;3;10;0;25
2021;7;3;13;0;28
2021;7;3;16;0;29
2021;7;3;19;0;27
2021;7;3;22;0;21
2021;7;4;1;0;20
2021;7;4;4;0;17
2021;7;4;7;0;23
2021;7;4;10;0;26
2021;7;4;13;0;27
2021;7;4;16;0;27
2021;7;4;19;0;25
2021;7;4;22;0;22
2021;7;5;1;0;19
2021;7;5;4;0;16
2021;7;5;7;0;16
2021;7;5;10;0;19
2021;7;5;13;0;20
2021;7;5;16;0;25
2021;7;5;19;0;24
2021;7;5;22;0;19
2021;7;6;1;0;15
2021;7;6;4;0;11
2021;7;6;7;0;16
2021;7;6;10;0;22
2021;7;6;13;0;27
2021;7;6;16;0;29
2021;7;6;19;0;27
2021;7;6;22;0;21
2021;7;7;1;0;16
2021;7;7;4;0;13
2021;7;7;7;0;17
2021;7;7;10;0;25
2021;7;7;13;0;27
2021;7;7;16;0;29
2021;7;7;19;0;27
2021;7;7;22;0;21
2021;7;8;1;0;15
2021;7;8;4;0;13
2021;7;8;7;0;19
2021;7;8;10;0;28
2021;7;8;13;0;30
2021;7;8;16;0;32
2021;7;8;19;0;30
2021;7;8;22;0;24
2021;7;9;1;0;21
2021;7;9;4;0;16
2021;7;9;7;0;22
2021;7;9;10;0;29
2021;7;9;13;0;33
2021;7;9;16;0;34
2021;7;9;19;0;32
2021;7;9;22;0;24
2021;7;10;1;0;21
2021;7;10;4;0;21
2021;7;10;7;0;25
2021;7;10;10;0;30
2021;7;10;13;0;33
2021;7;10;16;0;35
2021;7;10;19;0;30
2021;7;10;22;0;24
2021;7;11;1;0;22
2021;7;11;4;0;19
2021;7;11;7;0;21
2021;7;11;10;0;25
2021;7;11;13;0;27
2021;7;11;16;0;28
2021;7;11;19;0;25
2021;7;11;22;0;21
2021;7;12;1;0;17
2021;7;12;4;0;14
2021;7;12;7;0;17
2021;7;12;10;0;22
2021;7;12;13;0;25
2021;7;12;16;0;27
2021;7;12;19;0;26
2021;7;12;22;0;20
2021;7;13;1;0;15
2021;7;13;4;0;14
2021;7;13;7;0;22
2021;7;13;10;0;27
2021;7;13;13;0;30
2021;7;13;16;0;26
2021;7;13;19;0;26
2021;7;13;22;0;22
2021;7;14;1;0;19
2021;7;14;4;0;17
2021;7;14;7;0;21
2021;7;14;10;0;27
2021;7;14;13;0;29
2021;7;14;16;0;31
2021;7;14;19;0;29
2021;7;14;22;0;23
2021;7;15;1;0;17
2021;7;15;4;0;15
2021;7;15;7;0;21
2021;7;15;10;0;28
2021;7;15;13;0;31
2021;7;15;16;0;32
2021;7;15;19;0;30
2021;7;15;22;0;23
2021;7;16;1;0;20
2021;7;16;4;0;19
2021;7;16;7;0;24
2021;7;16;10;0;29
2021;7;16;13;0;31
2021;7;16;16;0;29
2021;7;16;19;0;24
2021;7;16;22;0;21
2021;7;17;1;0;19
2021;7;17;4;0;18
2021;7;17;7;0;23
2021;7;17;10;0;28
2021;7;17;13;0;33
2021;7;17;16;0;33
2021;7;17;19;0;30
2021;7;17;22;0;24
2021;7;18;1;0;21
2021;7;18;4;0;18
2021;7;18;7;0;24
2021;7;18;10;0;30
2021;7;18;13;0;33
2021;7;18;16;0;34
2021;7;18;19;0;32
2021;7;18;22;0;26
2021;7;19;1;0;24
2021;7;19;4;0;20
2021;7;19;7;0;27
2021;7;19;10;0;31
2021;7;19;13;0;34
2021;7;19;16;0;35
2021;7;19;19;0;33
2021;7;19;22;0;26
2021;7;20;1;0;23
2021;7;20;4;0;22
2021;7;20;7;0;28
2021;7;20;10;0;32
2021;7;20;13;0;36
2021;7;20;16;0;21
2021;7;20;19;0;23
2021;7;20;22;0;22
2021;7;21;1;0;22
2021;7;21;4;0;19
2021;7;21;7;0;23
2021;7;21;10;0;28
2021;7;21;13;0;30
2021;7;21;16;0;30
2021;7;21;19;0;28
2021;7;21;22;0;24
2021;7;22;1;0;23
2021;7;22;4;0;19
2021;7;22;7;0;18
2021;7;22;10;0;22
2021;7;22;13;0;21
2021;7;22;16;0;21
2021;7;22;19;0;21
2021;7;22;22;0;16
2021;7;23;1;0;16
2021;7;23;4;0;14
2021;7;23;7;0;17
2021;7;23;10;0;22
2021;7;23;13;0;24
2021;7;23;16;0;24
2021;7;23;19;0;23
2021;7;23;22;0;16
2021;7;24;1;0;14
2021;7;24;4;0;13
2021;7;24;7;0;20
2021;7;24;10;0;21
2021;7;24;13;0;24
2021;7;24;16;0;25
2021;7;24;19;0;22
2021;7;24;22;0;18
2021;7;25;1;0;15
2021;7;25;4;0;12
2021;7;25;7;0;16
2021;7;25;10;0;21
2021;7;25;13;0;23
2021;7;25;16;0;25
2021;7;25;19;0;22
2021;7;25;22;0;17
2021;7;26;1;0;13
2021;7;26;4;0;12
2021;7;26;7;0;17
2021;7;26;10;0;22
2021;7;26;13;0;23
2021;7;26;16;0;25
2021;7;26;19;0;24
2021;7;26;22;0;16
2021;7;27;1;0;15
2021;7;27;4;0;15
2021;7;27;7;0;19
2021;7;27;10;0;26
2021;7;27;13;0;28
2021;7;27;16;0;28
2021;7;27;19;0;25
2021;7;27;22;0;23
2021;7;28;1;0;18
2021;7;28;4;0;14
2021;7;28;7;0;18
2021;7;28;10;0;25
2021;7;28;13;0;27
2021;7;28;16;0;27
2021;7;28;19;0;25
2021;7;28;22;0;17
2021;7;29;1;0;16
2021;7;29;4;0;14
2021;7;29;7;0;21
2021;7;29;10;0;22
2021;7;29;13;0;23
2021;7;29;16;0;26
2021;7;29;19;0;25
2021;7;29;22;0;24
2021;7;30;1;0;20
2021;7;30;4;0;20
2021;7;30;7;0;21
2021;7;30;10;0;24
2021;7;30;13;0;28
2021;7;30;16;0;30
2021;7;30;19;0;29
2021;7;30;22;0;23
2021;7;31;1;0;22
2021;7;31;4;0;20
2021;7;31;7;0;21
2021;7;31;10;0;22
2021;7;31;13;0;28
2021;7;31;16;0;30
2021;7;31;19;0;28
2021;7;31;22;0;25
2021;8;1;1;0;23
2021;8;1;4;0;20
2021;8;1;7;0;23
2021;8;1;10;0;28
2021;8;1;13;0;31
2021;8;1;16;0;32
2021;8;1;19;0;30
2021;8;1;22;0;22
2021;8;2;1;0;19
2021;8;2;4;0;18
2021;8;2;7;0;22
2021;8;2;10;0;29
2021;8;2;13;0;33
2021;8;2;16;0;34
2021;8;2;19;0;32
2021;8;2;22;0;25
2021;8;3;1;0;25
2021;8;3;4;0;21
2021;8;3;7;0;25
2021;8;3;10;0;33
2021;8;3;13;0;36
2021;8;3;16;0;37
2021;8;3;19;0;34
2021;8;3;22;0;26
2021;8;4;1;0;23
2021;8;4;4;0;23
2021;8;4;7;0;25
2021;8;4;10;0;30
2021;8;4;13;0;30
2021;8;4;16;0;30
2021;8;4;19;0;28
2021;8;4;22;0;23
2021;8;5;1;0;20
2021;8;5;4;0;18
2021;8;5;7;0;22
2021;8;5;10;0;26
2021;8;5;13;0;28
2021;8;5;16;0;29
2021;8;5;19;0;25
2021;8;5;22;0;20
2021;8;6;1;0;17
2021;8;6;4;0;14
2021;8;6;7;0;19
2021;8;6;10;0;24
2021;8;6;13;0;26
2021;8;6;16;0;28
2021;8;6;19;0;26
2021;8;6;22;0;19
2021;8;7;1;0;15
2021;8;7;4;0;14
2021;8;7;7;0;19
2021;8;7;10;0;27
2021;8;7;13;0;29
2021;8;7;16;0;31
2021;8;7;19;0;29
2021;8;7;22;0;21
2021;8;8;1;0;20
2021;8;8;4;0;17
2021;8;8;7;0;22
2021;8;8;10;0;29
2021;8;8;13;0;32
2021;8;8;16;0;33
2021;8;8;19;0;31
2021;8;8;22;0;24
2021;8;9;1;0;23
2021;8;9;4;0;21
2021;8;9;7;0;23
2021;8;9;10;0;29
2021;8;9;13;0;32
2021;8;9;16;0;32
2021;8;9;19;0;30
2021;8;9;22;0;24
2021;8;10;1;0;23
2021;8;10;4;0;21
2021;8;10;7;0;23
2021;8;10;10;0;28
2021;8;10;13;0;30
2021;8;10;16;0;32
2021;8;10;19;0;30
2021;8;10;22;0;22
2021;8;11;1;0;20
2021;8;11;4;0;18
2021;8;11;7;0;22
2021;8;11;10;0;29
2021;8;11;13;0;31
2021;8;11;16;0;32
2021;8;11;19;0;29
2021;8;11;22;0;25
2021;8;12;1;0;22
2021;8;12;4;0;20
2021;8;12;7;0;20
2021;8;12;10;0;25
2021;8;12;13;0;29
2021;8;12;16;0;32
2021;8;12;19;0;31
2021;8;12;22;0;28
2021;8;13;1;0;25
2021;8;13;4;0;24
2021;8;13;7;0;23
2021;8;13;10;0;28
2021;8;13;13;0;32
2021;8;13;16;0;33
2021;8;13;19;0;31
2021;8;13;22;0;28
2021;8;14;1;0;27
2021;8;14;4;0;24
2021;8;14;7;0;22
2021;8;14;10;0;25
2021;8;14;13;0;30
2021;8;14;16;0;31
2021;8;14;19;0;24
2021;8;14;22;0;21
2021;8;15;1;0;20
2021;8;15;4;0;19
2021;8;15;7;0;19
2021;8;15;10;0;20
2021;8;15;13;0;25
2021;8;15;16;0;30
2021;8;15;19;0;28
2021;8;15;22;0;23
2021;8;16;1;0;24
2021;8;16;4;0;24
2021;8;16;7;0;21
2021;8;16;10;0;30
2021;8;16;13;0;35
2021;8;16;16;0;35
2021;8;16;19;0;28
2021;8;16;22;0;21
2021;8;17;1;0;17
2021;8;17;4;0;15
2021;8;17;7;0;19
2021;8;17;10;0;27
2021;8;17;13;0;31
2021;8;17;16;0;33
2021;8;17;19;0;29
2021;8;17;22;0;22
2021;8;18;1;0;24
2021;8;18;4;0;22
2021;8;18;7;0;22
2021;8;18;10;0;29
2021;8;18;13;0;34
2021;8;18;16;0;35
2021;8;18;19;0;33
2021;8;18;22;0;23
2021;8;19;1;0;21
2021;8;19;4;0;19
2021;8;19;7;0;22
2021;8;19;10;0;33
2021;8;19;13;0;37
2021;8;19;16;0;38
2021;8;19;19;0;32
2021;8;19;22;0;24
2021;8;20;1;0;21
2021;8;20;4;0;17
2021;8;20;7;0;20
2021;8;20;10;0;35
2021;8;20;13;0;39
2021;8;20;16;0;40
2021;8;20;19;0;34
2021;8;20;22;0;27
2021;8;21;1;0;23
2021;8;21;4;0;26
2021;8;21;7;0;27
2021;8;21;10;0;33
2021;8;21;13;0;37
2021;8;21;16;0;38
2021;8;21;19;0;32
2021;8;21;22;0;27
2021;8;22;1;0;30
2021;8;22;4;0;24
2021;8;22;7;0;28
2021;8;22;10;0;31
2021;8;22;13;0;33
2021;8;22;16;0;34
2021;8;22;19;0;31
2021;8;22;22;0;27
2021;8;23;1;0;22
2021;8;23;4;0;20
2021;8;23;7;0;21
2021;8;23;10;0;25
2021;8;23;13;0;29
2021;8;23;16;0;29
2021;8;23;19;0;26
2021;8;23;22;0;21
2021;8;24;1;0;19
2021;8;24;4;0;20
2021;8;24;7;0;19
2021;8;24;10;0;24
2021;8;24;13;0;29
2021;8;24;16;0;33
2021;8;24;19;0;26
2021;8;24;22;0;21
2021;8;25;1;0;18
2021;8;25;4;0;15
2021;8;25;7;0;17
2021;8;25;10;0;21
2021;8;25;13;0;25
2021;8;25;16;0;26
2021;8;25;19;0;23
2021;8;25;22;0;19
2021;8;26;1;0;16
2021;8;26;4;0;12
2021;8;26;7;0;14
2021;8;26;10;0;20
2021;8;26;13;0;24
2021;8;26;16;0;25
2021;8;26;19;0;23
2021;8;26;22;0;17
2021;8;27;1;0;13
2021;8;27;4;0;11
2021;8;27;7;0;11
2021;8;27;10;0;21
2021;8;27;13;0;24
2021;8;27;16;0;26
2021;8;27;19;0;22
2021;8;27;22;0;17
2021;8;28;1;0;14
2021;8;28;4;0;11
2021;8;28;7;0;11
2021;8;28;10;0;17
2021;8;28;13;0;21
2021;8;28;16;0;23
2021;8;28;19;0;20
2021;8;28;22;0;15
2021;8;29;1;0;11
2021;8;29;4;0;9
2021;8;29;7;0;9
2021;8;29;10;0;18
2021;8;29;13;0;22
2021;8;29;16;0;23
2021;8;29;19;0;20
2021;8;29;22;0;14
2021;8;30;1;0;9
2021;8;30;4;0;8
2021;8;30;7;0;10
2021;8;30;10;0;19
2021;8;30;13;0;23
2021;8;30;16;0;25
2021;8;30;19;0;21
2021;8;30;22;0;14
2021;8;31;1;0;13
2021;8;31;4;0;12
2021;8;31;7;0;14
2021;8;31;10;0;24
2021;8;31;13;0;27
2021;8;31;16;0;29
2021;8;31;19;0;26
2021;8;31;22;0;22
2021;9;1;1;0;15
2021;9;1;4;0;12
2021;9;1;7;0;14
2021;9;1;10;0;26
2021;9;1;13;0;30
2021;9;1;16;0;29
2021;9;1;19;0;25
2021;9;1;22;0;19
2021;9;2;1;0;18
2021;9;2;4;0;16
2021;9;2;7;0;20
2021;9;2;10;0;22
2021;9;2;13;0;23
2021;9;2;16;0;20
2021;9;2;19;0;19
2021;9;2;22;0;17
2021;9;3;1;0;16
2021;9;3;4;0;16
2021;9;3;7;0;15
2021;9;3;10;0;17
2021;9;3;13;0;18
2021;9;3;16;0;16
2021;9;3;19;0;13
2021;9;3;22;0;10
2021;9;4;1;0;10
2021;9;4;4;0;10
2021;9;4;7;0;10
2021;9;4;10;0;12
2021;9;4;13;0;13
2021;9;4;16;0;16
2021;9;4;19;0;12
2021;9;4;22;0;11
2021;9;5;1;0;9
2021;9;5;4;0;8
2021;9;5;7;0;7
2021;9;5;10;0;12
2021;9;5;13;0;15
2021;9;5;16;0;15
2021;9;5;19;0;13
2021;9;5;22;0;8
2021;9;6;1;0;7
2021;9;6;4;0;7
2021;9;6;7;0;7
2021;9;6;10;0;14
2021;9;6;13;0;16
2021;9;6;16;0;15
2021;9;6;19;0;10
2021;9;6;22;0;7
2021;9;7;1;0;7
2021;9;7;4;0;7
2021;9;7;7;0;7
2021;9;7;10;0;12
2021;9;7;13;0;16
2021;9;7;16;0;16
2021;9;7;19;0;13
2021;9;7;22;0;10
2021;9;8;1;0;8
2021;9;8;4;0;10
2021;9;8;7;0;11
2021;9;8;10;0;12
2021;9;8;13;0;16
2021;9;8;16;0;17
2021;9;8;19;0;16
2021;9;8;22;0;11
2021;9;9;1;0;13
2021;9;9;4;0;11
2021;9;9;7;0;12
2021;9;9;10;0;12
2021;9;9;13;0;14
2021;9;9;16;0;18
2021;9;9;19;0;18
2021;9;9;22;0;17
2021;9;10;1;0;16
2021;9;10;4;0;15
2021;9;10;7;0;14
2021;9;10;10;0;17
2021;9;10;13;0;18
2021;9;10;16;0;17
2021;9;10;19;0;12
2021;9;10;22;0;10
2021;9;11;1;0;9
2021;9;11;4;0;7
2021;9;11;7;0;5
2021;9;11;10;0;14
2021;9;11;13;0;16
2021;9;11;16;0;17
2021;9;11;19;0;12
2021;9;11;22;0;7
2021;9;12;1;0;6
2021;9;12;4;0;8
2021;9;12;7;0;12
2021;9;12;10;0;16
2021;9;12;13;0;20
2021;9;12;16;0;21
2021;9;12;19;0;18
2021;9;12;22;0;15
2021;9;13;1;0;15
2021;9;13;4;0;16
2021;9;13;7;0;16
2021;9;13;10;0;19
2021;9;13;13;0;21
2021;9;13;16;0;24
2021;9;13;19;0;22
2021;9;13;22;0;19
2021;9;14;1;0;19
2021;9;14;4;0;18
2021;9;14;7;0;16
2021;9;14;10;0;19
2021;9;14;13;0;24
2021;9;14;16;0;25
2021;9;14;19;0;18
2021;9;14;22;0;16
2021;9;15;1;0;16
2021;9;15;4;0;16
2021;9;15;7;0;14
2021;9;15;10;0;15
2021;9;15;13;0;17
2021;9;15;16;0;16
2021;9;15;19;0;13
2021;9;15;22;0;10
2021;9;16;1;0;8
2021;9;16;4;0;8
2021;9;16;7;0;9
2021;9;16;10;0;10
2021;9;16;13;0;13
2021;9;16;16;0;12
2021;9;16;19;0;9
2021;9;16;22;0;8
2021;9;17;1;0;8
2021;9;17;4;0;8
2021;9;17;7;0;7
2021;9;17;10;0;8
2021;9;17;13;0;11
2021;9;17;16;0;10
2021;9;17;19;0;7
2021;9;17;22;0;6
2021;9;18;1;0;6
2021;9;18;4;0;7
2021;9;18;7;0;7
2021;9;18;10;0;10
2021;9;18;13;0;10
2021;9;18;16;0;10
2021;9;18;19;0;8
2021;9;18;22;0;7
2021;9;19;1;0;7
2021;9;19;4;0;5
2021;9;19;7;0;7
2021;9;19;10;0;9
2021;9;19;13;0;11
2021;9;19;16;0;12
2021;9;19;19;0;6
2021;9;19;22;0;2
2021;9;20;1;0;2
2021;9;20;4;0;1
2021;9;20;7;0;1
2021;9;20;10;0;9
2021;9;20;13;0;12
2021;9;20;16;0;13
2021;9;20;19;0;11
2021;9;20;22;0;10
2021;9;21;1;0;10
2021;9;21;4;0;9
2021;9;21;7;0;8
2021;9;21;10;0;7
2021;9;21;13;0;9
2021;9;21;16;0;11
2021;9;21;19;0;12
2021;9;21;22;0;11
2021;9;22;1;0;12
2021;9;22;4;0;12
2021;9;22;7;0;11
2021;9;22;10;0;10
2021;9;22;13;0;10
2021;9;22;16;0;10
2021;9;22;19;0;11
2021;9;22;22;0;11
2021;9;23;1;0;11
2021;9;23;4;0;11
2021;9;23;7;0;11
2021;9;23;10;0;12
2021;9;23;13;0;11
2021;9;23;16;0;10
2021;9;23;19;0;9
2021;9;23;22;0;9
2021;9;24;1;0;10
2021;9;24;4;0;12
2021;9;24;7;0;13
2021;9;24;10;0;13
2021;9;24;13;0;10
2021;9;24;16;0;9
2021;9;24;19;0;9
2021;9;24;22;0;8
2021;9;25;1;0;8
2021;9;25;4;0;7
2021;9;25;7;0;8
2021;9;25;10;0;11
2021;9;25;13;0;14
2021;9;25;16;0;13
2021;9;25;19;0;9
2021;9;25;22;0;7
2021;9;26;1;0;5
2021;9;26;4;0;4
2021;9;26;7;0;8
2021;9;26;10;0;12
2021;9;26;13;0;14
2021;9;26;16;0;15
2021;9;26;19;0;11
2021;9;26;22;0;10
2021;9;27;1;0;10
2021;9;27;4;0;9
2021;9;27;7;0;6
2021;9;27;10;0;9
2021;9;27;13;0;12
2021;9;27;16;0;11
2021;9;27;19;0;9
2021;9;27;22;0;8
2021;9;28;1;0;7
2021;9;28;4;0;5
2021;9;28;7;0;3
2021;9;28;10;0;7
2021;9;28;13;0;10
2021;9;28;16;0;11
2021;9;28;19;0;7
2021;9;28;22;0;4
2021;9;29;1;0;2
2021;9;29;4;0;3
2021;9;29;7;0;3
2021;9;29;10;0;8
2021;9;29;13;0;11
2021;9;29;16;0;10
2021;9;29;19;0;6
2021;9;29;22;0;3
2021;9;30;1;0;3
2021;9;30;4;0;3
2021;9;30;7;0;3
2021;9;30;10;0;11
2021;9;30;13;0;12
2021;9;30;16;0;10
2021;9;30;19;0;9
2021;9;30;22;0;8
2021;10;1;1;0;8
2021;10;1;4;0;5
2021;10;1;7;0;3
2021;10;1;10;0;10
2021;10;1;13;0;12
2021;10;1;16;0;13
2021;10;1;19;0;10
2021;10;1;22;0;9
2021;10;2;1;0;9
2021;10;2;4;0;9
2021;10;2;7;0;9
2021;10;2;10;0;10
2021;10;2;13;0;11
2021;10;2;16;0;9
2021;10;2;19;0;8
2021;10;2;22;0;8
2021;10;3;1;0;8
2021;10;3;4;0;8
2021;10;3;7;0;8
2021;10;3;10;0;9
2021;10;3;13;0;10
2021;10;3;16;0;11
2021;10;3;19;0;9
2021;10;3;22;0;9
2021;10;4;1;0;8
2021;10;4;4;0;6
2021;10;4;7;0;7
2021;10;4;10;0;9
2021;10;4;13;0;10
2021;10;4;16;0;12
2021;10;4;19;0;7
2021;10;4;22;0;3
2021;10;5;1;0;1
2021;10;5;4;0;-1
2021;10;5;7;0;0
2021;10;5;10;0;6
2021;10;5;13;0;10
2021;10;5;16;0;11
2021;10;5;19;0;5
2021;10;5;22;0;2
2021;10;6;1;0;0
2021;10;6;4;0;-1
2021;10;6;7;0;-1
2021;10;6;10;0;5
2021;10;6;13;0;9
2021;10;6;16;0;10
2021;10;6;19;0;7
2021;10;6;22;0;5
2021;10;7;1;0;0
2021;10;7;4;0;-2
2021;10;7;7;0;-2
2021;10;7;10;0;8
2021;10;7;13;0;11
2021;10;7;16;0;12
2021;10;7;19;0;4
2021;10;7;22;0;1
2021;10;8;1;0;0
2021;10;8;4;0;-1
2021;10;8;7;0;-1
2021;10;8;10;0;9
2021;10;8;13;0;13
2021;10;8;16;0;14
2021;10;8;19;0;5
2021;10;8;22;0;2
2021;10;9;1;0;1
2021;10;9;4;0;0
2021;10;9;7;0;-1
2021;10;9;10;0;9
2021;10;9;13;0;14
2021;10;9;16;0;13
2021;10;9;19;0;5
2021;10;9;22;0;1
2021;10;10;1;0;1
2021;10;10;4;0;1
2021;10;10;7;0;0
2021;10;10;10;0;10
2021;10;10;13;0;14
2021;10;10;16;0;15
2021;10;10;19;0;5
2021;10;10;22;0;3
2021;10;11;1;0;2
2021;10;11;4;0;3
2021;10;11;7;0;6
2021;10;11;10;0;10
2021;10;11;13;0;14
2021;10;11;16;0;13
2021;10;11;19;0;8
2021;10;11;22;0;5
2021;10;12;1;0;3
2021;10;12;4;0;4
2021;10;12;7;0;3
2021;10;12;10;0;11
2021;10;12;13;0;15
2021;10;12;16;0;15
2021;10;12;19;0;10
2021;10;12;22;0;6
2021;10;13;1;0;7
2021;10;13;4;0;4
2021;10;13;7;0;6
2021;10;13;10;0;13
2021;10;13;13;0;16
2021;10;13;16;0;17
2021;10;13;19;0;13
2021;10;13;22;0;11
2021;10;14;1;0;9
2021;10;14;4;0;8
2021;10;14;7;0;6
2021;10;14;10;0;8
2021;10;14;13;0;12
2021;10;14;16;0;14
2021;10;14;19;0;13
2021;10;14;22;0;13
2021;10;15;1;0;13
2021;10;15;4;0;11
2021;10;15;7;0;10
2021;10;15;10;0;11
2021;10;15;13;0;11
2021;10;15;16;0;10
2021;10;15;19;0;9
2021;10;15;22;0;8
2021;10;16;1;0;7
2021;10;16;4;0;5
2021;10;16;7;0;2
2021;10;16;10;0;8
2021;10;16;13;0;11
2021;10;16;16;0;13
2021;10;16;19;0;9
2021;10;16;22;0;7
2021;10;17;1;0;6
2021;10;17;4;0;7
2021;10;17;7;0;7
2021;10;17;10;0;8
2021;10;17;13;0;10
2021;10;17;16;0;10
2021;10;17;19;0;9
2021;10;17;22;0;7
2021;10;18;1;0;10
2021;10;18;4;0;9
2021;10;18;7;0;9
2021;10;18;10;0;9
2021;10;18;13;0;11
2021;10;18;16;0;10
2021;10;18;19;0;9
2021;10;18;22;0;9
2021;10;19;1;0;8
2021;10;19;4;0;6
2021;10;19;7;0;4
2021;10;19;10;0;7
2021;10;19;13;0;8
2021;10;19;16;0;8
2021;10;19;19;0;4
2021;10;19;22;0;3
2021;10;20;1;0;4
2021;10;20;4;0;4
2021;10;20;7;0;2
2021;10;20;10;0;4
2021;10;20;13;0;5
2021;10;20;16;0;5
2021;10;20;19;0;5
2021;10;20;22;0;4
2021;10;21;1;0;0
2021;10;21;4;0;3
2021;10;21;7;0;3
2021;10;21;10;0;3
2021;10;21;13;0;3
2021;10;21;16;0;4
2021;10;21;19;0;6
2021;10;21;22;0;9
2021;10;22;1;0;10
2021;10;22;4;0;11
2021;10;22;7;0;11
2021;10;22;10;0;10
2021;10;22;13;0;11
2021;10;22;16;0;13
2021;10;22;19;0;13
2021;10;22;22;0;12
2021;10;23;1;0;10
2021;10;23;4;0;10
2021;10;23;7;0;9
2021;10;23;10;0;10
2021;10;23;13;0;14
2021;10;23;16;0;14
2021;10;23;19;0;13
2021;10;23;22;0;12
2021;10;24;1;0;8
2021;10;24;4;0;8
2021;10;24;7;0;7
2021;10;24;10;0;8
2021;10;24;13;0;11
2021;10;24;16;0;11
2021;10;24;19;0;6
2021;10;24;22;0;7
2021;10;25;1;0;6
2021;10;25;4;0;5
2021;10;25;7;0;4
2021;10;25;10;0;4
2021;10;25;13;0;4
2021;10;25;16;0;3
2021;10;25;19;0;2
2021;10;25;22;0;1
2021;10;26;1;0;-2
2021;10;26;4;0;-1
2021;10;26;7;0;-3
2021;10;26;10;0;2
2021;10;26;13;0;3
2021;10;26;16;0;5
2021;10;26;19;0;4
2021;10;26;22;0;3
2021;10;27;1;0;3
2021;10;27;4;0;3
2021;10;27;7;0;2
2021;10;27;10;0;4
2021;10;27;13;0;7
2021;10;27;16;0;8
2021;10;27;19;0;7
2021;10;27;22;0;7
2021;10;28;1;0;5
2021;10;28;4;0;4
2021;10;28;7;0;5
2021;10;28;10;0;5
2021;10;28;13;0;8
2021;10;28;16;0;9
2021;10;28;19;0;7
2021;10;28;22;0;6
2021;10;29;1;0;5
2021;10;29;4;0;5
2021;10;29;7;0;5
2021;10;29;10;0;4
2021;10;29;13;0;3
2021;10;29;16;0;1
2021;10;29;19;0;0
2021;10;29;22;0;1
2021;10;30;1;0;2
2021;10;30;4;0;3
2021;10;30;7;0;5
2021;10;30;10;0;6
2021;10;30;13;0;8
2021;10;30;16;0;9
2021;10;30;19;0;8
2021;10;30;22;0;8
2021;10;31;1;0;9
2021;10;31;4;0;9
2021;10;31;7;0;7
2021;10;31;10;0;7
2021;10;31;13;0;7
2021;10;31;16;0;10
2021;10;31;19;0;10
2021;10;31;22;0;7
2021;11;1;1;0;6
2021;11;1;4;0;5
2021;11;1;7;0;4
2021;11;1;10;0;7
2021;11;1;13;0;11
2021;11;1;16;0;13
2021;11;1;19;0;9
2021;11;1;22;0;5
2021;11;2;1;0;2
2021;11;2;4;0;0
2021;11;2;7;0;4
2021;11;2;10;0;5
2021;11;2;13;0;7
2021;11;2;16;0;7
2021;11;2;19;0;6
2021;11;2;22;0;6
2021;11;3;1;0;6
2021;11;3;4;0;6
2021;11;3;7;0;3
2021;11;3;10;0;2
2021;11;3;13;0;3
2021;11;3;16;0;3
2021;11;3;19;0;2
2021;11;3;22;0;1
2021;11;4;1;0;0
2021;11;4;4;0;-1
2021;11;4;7;0;-2
2021;11;4;10;0;-1
2021;11;4;13;0;0
2021;11;4;16;0;2
2021;11;4;19;0;1
2021;11;4;22;0;2
2021;11;5;1;0;3
2021;11;5;4;0;2
2021;11;5;7;0;1
2021;11;5;10;0;1
2021;11;5;13;0;2
2021;11;5;16;0;2
2021;11;5;19;0;3
2021;11;5;22;0;4
2021;11;6;1;0;2
2021;11;6;4;0;2
2021;11;6;7;0;1
2021;11;6;10;0;1
2021;11;6;13;0;3
2021;11;6;16;0;6
2021;11;6;19;0;6
2021;11;6;22;0;6
2021;11;7;1;0;3
2021;11;7;4;0;4
2021;11;7;7;0;4
2021;11;7;10;0;4
2021;11;7;13;0;6
2021;11;7;16;0;8
2021;11;7;19;0;7
2021;11;7;22;0;1
2021;11;8;1;0;-2
2021;11;8;4;0;0
2021;11;8;7;0;1
2021;11;8;10;0;4
2021;11;8;13;0;4
2021;11;8;16;0;5
2021;11;8;19;0;6
2021;11;8;22;0;7
2021;11;9;1;0;7
2021;11;9;4;0;7
2021;11;9;7;0;7
2021;11;9;10;0;7
2021;11;9;13;0;8
2021;11;9;16;0;8
2021;11;9;19;0;6
2021;11;9;22;0;4
2021;11;10;1;0;3
2021;11;10;4;0;2
2021;11;10;7;0;0
2021;11;10;10;0;-2
2021;11;10;13;0;-2
2021;11;10;16;0;-2
2021;11;10;19;0;-3
2021;11;10;22;0;-4
2021;11;11;1;0;-8
2021;11;11;4;0;-7
2021;11;11;7;0;-6
2021;11;11;10;0;-3
2021;11;11;13;0;-1
2021;11;11;16;0;-1
2021;11;11;19;0;0
2021;11;11;22;0;1
2021;11;12;1;0;1
2021;11;12;4;0;-1
2021;11;12;7;0;0
2021;11;12;10;0;0
2021;11;12;13;0;1
2021;11;12;16;0;1
2021;11;12;19;0;1
2021;11;12;22;0;0
2021;11;13;1;0;0
2021;11;13;4;0;1
2021;11;13;7;0;1
2021;11;13;10;0;0
2021;11;13;13;0;0
2021;11;13;16;0;0
2021;11;13;19;0;1
2021;11;13;22;0;1
2021;11;14;1;0;1
2021;11;14;4;0;1
2021;11;14;7;0;1
2021;11;14;10;0;1
2021;11;14;13;0;1
2021;11;14;16;0;0
2021;11;14;19;0;-3
2021;11;14;22;0;-4
2021;11;15;1;0;-5
2021;11;15;4;0;-2
2021;11;15;7;0;-3
2021;11;15;10;0;-3
2021;11;15;13;0;-1
2021;11;15;16;0;-4
2021;11;15;19;0;-6
2021;11;15;22;0;-9
2021;11;16;1;0;-6
2021;11;16;4;0;-5
2021;11;16;7;0;-5
2021;11;16;10;0;-5
2021;11;16;13;0;-4
2021;11;16;16;0;-3
2021;11;16;19;0;-3
2021;11;16;22;0;-2
2021;11;17;1;0;-1
2021;11;17;4;0;-1
2021;11;17;7;0;-1
2021;11;17;10;0;-1
2021;11;17;13;0;1
2021;11;17;16;0;1
2021;11;17;19;0;1
2021;11;17;22;0;0
2021;11;18;1;0;0
2021;11;18;4;0;0
2021;11;18;7;0;0
2021;11;18;10;0;0
2021;11;18;13;0;0
2021;11;18;16;0;0
2021;11;18;19;0;-1
2021;11;18;22;0;-2
2021;11;19;1;0;-2
2021;11;19;4;0;-2
2021;11;19;7;0;-3
2021;11;19;10;0;-4
2021;11;19;13;0;-2
2021;11;19;16;0;-1
2021;11;19;19;0;-1
2021;11;19;22;0;-1
2021;11;20;1;0;1
2021;11;20;4;0;1
2021;11;20;7;0;0
2021;11;20;10;0;1
2021;11;20;13;0;1
2021;11;20;16;0;1
2021;11;20;19;0;0
2021;11;20;22;0;1
2021;11;21;1;0;1
2021;11;21;4;0;2
2021;11;21;7;0;1
2021;11;21;10;0;1
2021;11;21;13;0;2
2021;11;21;16;0;2
2021;11;21;19;0;1
2021;11;21;22;0;1
2021;11;22;1;0;1
2021;11;22;4;0;2
2021;11;22;7;0;1
2021;11;22;10;0;1
2021;11;22;13;0;2
2021;11;22;16;0;2
2021;11;22;19;0;1
2021;11;22;22;0;-1
2021;11;23;1;0;-2
2021;11;23;4;0;-2
2021;11;23;7;0;-4
2021;11;23;10;0;-4
2021;11;23;13;0;-3
2021;11;23;16;0;-4
2021;11;23;19;0;-6
2021;11;23;22;0;-8
2021;11;24;1;0;-8
2021;11;24;4;0;-7
2021;11;24;7;0;-8
2021;11;24;10;0;-8
2021;11;24;13;0;-7
2021;11;24;16;0;-7
2021;11;24;19;0;-7
2021;11;24;22;0;-7
2021;11;25;1;0;-6
2021;11;25;4;0;-5
2021;11;25;7;0;-4
2021;11;25;10;0;-3
2021;11;25;13;0;-1
2021;11;25;16;0;1
2021;11;25;19;0;1
2021;11;25;22;0;1
2021;11;26;1;0;0
2021;11;26;4;0;1
2021;11;26;7;0;2
2021;11;26;10;0;2
2021;11;26;13;0;2
2021;11;26;16;0;1
2021;11;26;19;0;1
2021;11;26;22;0;0
2021;11;27;1;0;-2
2021;11;27;4;0;0
2021;11;27;7;0;0
2021;11;27;10;0;0
2021;11;27;13;0;2
2021;11;27;16;0;0
2021;11;27;19;0;-2
2021;11;27;22;0;-3
2021;11;28;1;0;-4
2021;11;28;4;0;-2
2021;11;28;7;0;-2
2021;11;28;10;0;-1
2021;11;28;13;0;0
2021;11;28;16;0;0
2021;11;28;19;0;0
2021;11;28;22;0;0
2021;11;29;1;0;1
2021;11;29;4;0;1
2021;11;29;7;0;1
2021;11;29;10;0;1
2021;11;29;13;0;2
2021;11;29;16;0;3
2021;11;29;19;0;3
2021;11;29;22;0;3
2021;11;30;1;0;4
2021;11;30;4;0;4
2021;11;30;7;0;2
2021;11;30;10;0;3
2021;11;30;13;0;2
2021;11;30;16;0;2
2021;11;30;19;0;4
2021;11;30;22;0;6
2021;12;1;1;0;5
2021;12;1;4;0;4
2021;12;1;7;0;3
2021;12;1;10;0;2
2021;12;1;13;0;2
2021;12;1;16;0;1
2021;12;1;19;0;0
2021;12;1;22;0;0
2021;12;2;1;0;-1
2021;12;2;4;0;-2
2021;12;2;7;0;-2
2021;12;2;10;0;-1
2021;12;2;13;0;-1
2021;12;2;16;0;0
2021;12;2;19;0;-1
2021;12;2;22;0;-1
2021;12;3;1;0;-2
2021;12;3;4;0;-2
2021;12;3;7;0;-2
2021;12;3;10;0;-1
2021;12;3;13;0;1
2021;12;3;16;0;2
2021;12;3;19;0;3
2021;12;3;22;0;3
2021;12;4;1;0;3
2021;12;4;4;0;4
2021;12;4;7;0;4
2021;12;4;10;0;4
2021;12;4;13;0;4
2021;12;4;16;0;4
2021;12;4;19;0;2
2021;12;4;22;0;1
2021;12;5;1;0;0
2021;12;5;4;0;-1
2021;12;5;7;0;-2
2021;12;5;10;0;-4
2021;12;5;13;0;-1
2021;12;5;16;0;-2
2021;12;5;19;0;-5
2021;12;5;22;0;-6
2021;12;6;1;0;-6
2021;12;6;4;0;-7
2021;12;6;7;0;-8
2021;12;6;10;0;-7
2021;12;6;13;0;-3
2021;12;6;16;0;-3
2021;12;6;19;0;-5
2021;12;6;22;0;-3
2021;12;7;1;0;-4
2021;12;7;4;0;-4
2021;12;7;7;0;-5
2021;12;7;10;0;-7
2021;12;7;13;0;-6
2021;12;7;16;0;-5
2021;12;7;19;0;-7
2021;12;7;22;0;-7
2021;12;8;1;0;-6
2021;12;8;4;0;-6
2021;12;8;7;0;-4
2021;12;8;10;0;-3
2021;12;8;13;0;-1
2021;12;8;16;0;1
2021;12;8;19;0;1
2021;12;8;22;0;1
2021;12;9;1;0;1
2021;12;9;4;0;0
2021;12;9;7;0;-1
2021;12;9;10;0;-2
2021;12;9;13;0;-1
2021;12;9;16;0;-1
2021;12;9;19;0;-1
2021;12;9;22;0;-1
2021;12;10;1;0;-1
2021;12;10;4;0;-2
2021;12;10;7;0;-2
2021;12;10;10;0;-2
2021;12;10;13;0;-1
2021;12;10;16;0;-1
2021;12;10;19;0;-1
2021;12;10;22;0;-4
2021;12;11;1;0;-5
2021;12;11;4;0;-7
2021;12;11;7;0;-8
2021;12;11;10;0;-9
2021;12;11;13;0;-8
2021;12;11;16;0;-7
2021;12;11;19;0;-9
2021;12;11;22;0;-11
2021;12;12;1;0;-11
2021;12;12;4;0;-12
2021;12;12;7;0;-14
2021;12;12;10;0;-13
2021;12;12;13;0;-6
2021;12;12;16;0;-6
2021;12;12;19;0;-11
2021;12;12;22;0;-12
2021;12;13;1;0;-11
2021;12;13;4;0;-12
2021;12;13;7;0;-12
2021;12;13;10;0;-7
2021;12;13;13;0;-5
2021;12;13;16;0;-5
2021;12;13;19;0;-5
2021;12;13;22;0;-5
2021;12;14;1;0;-4
2021;12;14;4;0;-5
2021;12;14;7;0;-5
2021;12;14;10;0;-4
2021;12;14;13;0;-4
2021;12;14;16;0;-4
2021;12;14;19;0;-4
2021;12;14;22;0;-4
2021;12;15;1;0;-4
2021;12;15;4;0;-4
2021;12;15;7;0;-4
2021;12;15;10;0;-4
2021;12;15;13;0;-4
2021;12;15;16;0;-3
2021;12;15;19;0;-4
2021;12;15;22;0;-4
2021;12;16;1;0;-4
2021;12;16;4;0;-4
2021;12;16;7;0;-4
2021;12;16;10;0;-3
2021;12;16;13;0;-3
2021;12;16;16;0;-2
2021;12;16;19;0;-2
2021;12;16;22;0;-2
2021;12;17;1;0;-2
2021;12;17;4;0;-2
2021;12;17;7;0;-2
2021;12;17;10;0;-2
2021;12;17;13;0;-1
2021;12;17;16;0;-1
2021;12;17;19;0;-1
2021;12;17;22;0;-1
2021;12;18;1;0;-1
2021;12;18;4;0;-1
2021;12;18;7;0;-1
2021;12;18;10;0;-1
2021;12;18;13;0;-1
2021;12;18;16;0;-2
2021;12;18;19;0;-2
2021;12;18;22;0;-2
2021;12;19;1;0;-4
2021;12;19;4;0;-4
2021;12;19;7;0;-4
2021;12;19;10;0;-4
2021;12;19;13;0;-3
2021;12;19;16;0;-4
2021;12;19;19;0;-4
2021;12;19;22;0;-3
2021;12;20;1;0;-3
2021;12;20;4;0;-2
2021;12;20;7;0;-1
2021;12;20;10;0;0
2021;12;20;13;0;1
2021;12;20;16;0;1
2021;12;20;19;0;0
2021;12;20;22;0;0
2021;12;21;1;0;-1
2021;12;21;4;0;-1
2021;12;21;7;0;-2
2021;12;21;10;0;-3
2021;12;21;13;0;-2
2021;12;21;16;0;-5
2021;12;21;19;0;-6
2021;12;21;22;0;-6
2021;12;22;1;0;-8
2021;12;22;4;0;
2021;12;22;7;0;-13
2021;12;22;10;0;-14
2021;12;22;13;0;-15
2021;12;22;16;0;-16
2021;12;22;19;0;-17
2021;12;22;22;0;-17
2021;12;23;1;0;-18
2021;12;23;4;0;-19
2021;12;23;7;0;-20
2021;12;23;10;0;-21
2021;12;23;13;0;-19
2021;12;23;16;0;-20
2021;12;23;19;0;-21
2021;12;23;22;0;-22
2021;12;24;1;0;-23
2021;12;24;4;0;-24
2021;12;24;7;0;-24
2021;12;24;10;0;-23
2021;12;24;13;0;-20
2021;12;24;16;0;-19
2021;12;24;19;0;-19
2021;12;24;22;0;-19
2021;12;25;1;0;-19
2021;12;25;4;0;-17
2021;12;25;7;0;-17
2021;12;25;10;0;-15
2021;12;25;13;0;-13
2021;12;25;16;0;-9
2021;12;25;19;0;-7
2021;12;25;22;0;-5
2021;12;26;1;0;-3
2021;12;26;4;0;-1
2021;12;26;7;0;-6
2021;12;26;10;0;-8
2021;12;26;13;0;-7
2021;12;26;16;0;-9
2021;12;26;19;0;-14
2021;12;26;22;0;-15
2021;12;27;1;0;-13
2021;12;27;4;0;-12
2021;12;27;7;0;-12
2021;12;27;10;0;-11
2021;12;27;13;0;-9
2021;12;27;16;0;-10
2021;12;27;19;0;-12
2021;12;27;22;0;-13
2021;12;28;1;0;-15
2021;12;28;4;0;-16
2021;12;28;7;0;-17
2021;12;28;10;0;-15
2021;12;28;13;0;-13
2021;12;28;16;0;-13
2021;12;28;19;0;-20
2021;12;28;22;0;-17
2021;12;29;1;0;-19
2021;12;29;4;0;-22
2021;12;29;7;0;-23
2021;12;29;10;0;-17
2021;12;29;13;0;-18
2021;12;29;16;0;-19
2021;12;29;19;0;-20
2021;12;29;22;0;-18
2021;12;30;1;0;-16
2021;12;30;4;0;-14
2021;12;30;7;0;-13
2021;12;30;10;0;-12
2021;12;30;13;0;-11
2021;12;30;16;0;-11
2021;12;30;19;0;-11
2021;12;30;22;0;-10
2021;12;31;1;0;-10
2021;12;31;4;0;-9
2021;12;31;7;0;-9
2021;12;31;10;0;-8
2021;12;31;13;0;-6
2021;12;31;16;0;-7
2021;12;31;19;0;-7
2021;12;31;22;0;-6
